,FullID,Year,avg.HSF,max.HSF,min.HSF,sd.HSF,se.HSF,avg.Lum,max.Lum,min.Lum,sd.Lum,se.Lum,avg.dblwall,max.dblwall,min.dblwall,sd.dblwall,se.dblwall
1,PRM 004 2012,2012,0.26600923,1.750076726,0.016666932,0.188258175,0.006598446,29.54767592,76.2463,0.9775,11.84898465,0.415306697,13.4162527,39.1007,0.9776,5.628088813,0.197264411
2,PRM 004 2013,2013,0.320152455,6.62511509,0.017242839,0.36764295,0.01392547,29.88369455,70.3812,0.9775,13.27224829,0.502722252,14.53374347,39.5895,0.9776,6.523197367,0.247083719
3,PRM 004 2014,2014,0.248688703,4.750102302,0.017242839,0.246283439,0.009172075,36.85822483,73.3138,1.955,13.00928662,0.484491152,14.67089612,37.1456,0.9776,4.906478861,0.182726821
4,PRM 004 2015,2015,0.408729176,12.00025575,0.018520062,0.609116875,0.015633807,31.64438004,81.1339,0.9775,17.57504481,0.451087253,14.69174256,39.5895,0.9776,5.981758639,0.153529912
5,PRM 004 2016,2016,0.229830888,5.749897702,0.034091437,0.323926691,0.014831584,38.63958931,69.4037,1.955,10.01224711,0.458429303,15.1279543,39.5895,1.4663,6.131085353,0.280723114
6,PRM 010 2009,2009,0.198912221,1.107148598,0.019232434,0.141898119,0.002994138,34.27838188,72.3363,0.9775,11.56212513,0.243967957,11.31239671,39.5895,0.9776,5.598370323,0.11812906
7,PRM 010 2010,2010,0.104579855,0.663043913,0.018520062,0.070488726,0.002235767,45.94133672,83.089,9.7752,10.73302681,0.340430938,8.95352998,35.1906,0.9776,4.404745884,0.139710056
8,PRM 010 2012,2012,0.186258231,1.750076726,0.018292987,0.138336516,0.002990405,33.34794944,78.2014,0.9775,11.8406536,0.255958048,10.42814159,39.5894,0.9776,4.453706538,0.096275262
9,PRM 010 2013,2013,0.090512285,1.019232434,0.025000831,0.052984417,0.001707399,44.85717383,75.2688,2.9326,11.08343656,0.357158752,7.579576532,37.6344,0.9776,2.799481192,0.090212021
10,PRM 010 2014,2014,0.156618555,6.250127877,0.016666932,0.255021745,0.004319921,31.53467311,85.044,0.9775,13.94880874,0.236284769,7.096897274,39.5894,0.9776,5.417370081,0.091767122
11,PRM 010 2015,2015,0.145460359,3.750076726,0.016668088,0.246636016,0.00777989,24.49531403,65.4936,0.9775,9.813627872,0.309561224,5.139515124,36.6569,0.9776,4.627851441,0.145981015
12,PRM 010 2016,2016,0.136282388,3.250076726,0.017241957,0.262236872,0.016109083,39.27036264,72.3363,0.9775,15.52366934,0.953611427,7.207824528,38.1232,0.9776,5.103850298,0.313527032
13,PRM 011 2010,2010,0.191514465,2.937482417,0.017242839,0.16696521,0.003453796,29.98764544,66.4712,0.9775,9.877838902,0.204330211,9.945412495,39.5895,0.9776,5.5185071,0.114154293
14,PRM 011 2011,2011,0.168131285,1.568182875,0.017242839,0.133788357,0.002736651,31.57257397,76.2463,0.9775,11.11570399,0.227372545,9.082318326,39.5895,0.9776,5.121034303,0.104751134
15,PRM 011 2012,2012,0.118166067,3.416609834,0.020001719,0.122169542,0.002330105,37.44576668,85.044,0.9775,9.397702293,0.179239743,7.907624336,39.5894,0.9776,4.244740877,0.080958754
16,PRM 011 2013,2013,0.243650717,6.250127877,0.018292987,0.259961847,0.005997168,24.634057,56.696,0.9775,9.219651622,0.212691983,9.968186429,39.1007,0.9776,5.838847622,0.134698808
17,PRM 011 2014,2014,0.228313446,2.500051151,0.016666932,0.184013932,0.004179976,28.19062518,77.2239,0.9775,12.6713104,0.28783569,9.992070072,39.5895,0.9776,5.439003258,0.12354991
18,PRM 011 2015,2015,0.214470065,6.333236718,0.017242839,0.216372215,0.004543389,28.62599369,65.4936,0.9775,11.6319397,0.244247775,10.00318197,39.5894,0.9776,5.658679523,0.118821101
19,PRM 011 2016,2016,0.140727192,2.250076726,0.017242839,0.188627589,0.006555262,36.92842258,79.1789,0.9775,12.81646021,0.445402782,8.556826449,38.6119,0.9776,5.318640647,0.18483554
20,PRM 012 2010,2010,0.152283006,3.500102302,0.017045719,0.147335283,0.003052311,39.55462069,86.999,0.9775,14.00919618,0.290225292,10.01304558,39.5894,0.9776,5.099737113,0.10565008
21,PRM 012 2011,2011,0.178558081,1.013890073,0.017242839,0.1231956,0.00263856,39.14372972,87.9765,0.9775,14.02666141,0.30041808,11.82572018,39.1007,0.9776,5.575917142,0.119423024
22,PRM 012 2012,2012,0.206469748,1.708334044,0.017858643,0.157818923,0.003721896,36.17520006,81.1339,0.9775,13.32897986,0.314341751,12.3997317,39.5894,0.9776,5.71240256,0.134717483
23,PRM 012 2013,2013,0.257631424,3.249948851,0.016668088,0.188191399,0.005544642,29.50031076,61.5836,1.955,9.363661939,0.275879536,13.70900208,39.5895,0.9776,6.771105063,0.199495596
24,PRM 012 2014,2014,0.208793216,3.500102302,0.016668088,0.160600349,0.003424011,32.83346677,74.2913,0.9775,11.30614125,0.241047741,11.92238218,39.5895,0.9776,5.859048633,0.124915337
25,PRM 012 2015,2015,0.198905408,4.750076726,0.016666712,0.178121354,0.004086384,33.41462053,85.044,0.9775,12.85290953,0.294865967,12.01755832,39.5895,0.9776,7.002865191,0.160656746
26,PRM 012 2016,2016,0.175856453,3.000051151,0.016666932,0.188490873,0.006332475,35.62531287,85.044,0.9775,14.6003933,0.490509806,10.77807698,39.5895,0.9776,7.482072436,0.251365139
27,RP1 024 2016,2016,1.858154149,448.2859914,0.008619985,7.259094049,0.076658239,6.323754879,22.0418,0.232,4.361940832,0.046063421,9.780289807,237.239,0.232,19.23535927,0.203131239
28,RP1 804 2006,2006,0.703907315,13.50025575,0.017857447,1.066658143,0.03294918,23.91185926,80.1564,0.9775,18.88332625,0.583307896,14.64411202,39.5895,0.9776,7.86005927,0.242798042
29,RP1 804 2007,2007,0.454436911,9.500179028,0.017242839,0.671772329,0.02144804,26.39595138,67.4487,0.9775,15.46255471,0.493681378,13.44112161,39.5894,0.9776,6.889705759,0.219971376
30,RP1 804 2008,2008,0.390563143,13.00025575,0.016668088,0.692042205,0.024923291,26.55397782,73.3138,0.9775,14.99333193,0.53997166,12.98856926,39.5895,0.9776,7.511295653,0.270512705
31,RP1 804 2009,2009,0.465628408,9.000204604,0.019232434,0.649211515,0.028889533,23.0171404,76.2463,0.9775,15.43780637,0.686973367,13.00002931,38.612,0.9776,8.336659494,0.370976478
32,RP1 804 2013,2013,0.406469427,6.750127877,0.016668088,0.596032452,0.017629776,24.15142992,70.3812,0.9775,16.28785623,0.481771175,10.79546763,39.5895,0.9776,6.940695826,0.205295721
33,RP1 804 2014,2014,0.265624799,2.333287867,0.017242839,0.314104972,0.016177229,30.27191353,68.4262,1.955,15.70186668,0.808687277,12.0024809,39.1007,0.9776,7.89398969,0.406561153
34,RP1 DT2 2016,2016,2.399349454,131.7605603,0.0087712,8.383532872,0.318005528,8.030846619,18.3295,0.232,4.01061071,0.152131136,20.84627942,236.891,0.232,44.56898569,1.690597989
35,SJ1 OZ3 2016,2016,2.869707634,266.7713362,0.009090197,10.62658158,0.173438875,5.690884283,18.0975,0.232,4.053075397,0.066151173,12.35542107,237.355,0.232,31.49032231,0.513960771
36,SJ1 OZ4 2016,2016,1.444731631,265.5211207,0.007245788,8.06072948,0.085119007,5.044982872,20.6497,0.232,3.105349566,0.032791607,4.829856557,165.6613,0.232,14.63439909,0.154535085
37,SJ1 P35 2010,2010,0.377417006,3.125063939,0.072726985,0.281107134,0.006984163,33.0249921,86.0215,1.955,15.44948172,0.383845459,18.34081741,39.5894,5.8651,5.344286537,0.132779867
38,SJ1 P35 2011,2011,0.3671301,4.562466433,0.021738744,0.437078568,0.011975879,37.51845698,85.044,1.955,17.82261664,0.488336688,15.93198814,39.1007,1.955,5.53934647,0.151777158
39,SJ1 P35 2012,2012,0.305907151,3.24998977,0.061688243,0.275904359,0.008337801,41.33156466,86.0215,4.8876,14.80537831,0.447416967,19.35439388,39.5895,5.3763,6.009616227,0.181609967
40,SJ1 P36 2015,2015,0.222732058,1.267862362,0.056034817,0.118078487,0.001608633,34.90886052,78.2014,9.7752,9.049704023,0.123287936,14.25953653,39.5895,5.8651,4.874124197,0.06640225
41,SJM 086 2009,2009,0.416815418,3.649991816,0.076922976,0.386969968,0.01508566,30.76653298,73.3138,4.8876,11.5081562,0.448634638,19.85340319,39.5895,5.8651,7.217110863,0.281352274
42,SJM 086 2010,2010,0.351166778,3.949995908,0.095454343,0.306586594,0.012263464,33.18709568,69.4037,4.8876,11.88888396,0.475555358,18.4383192,39.5894,7.8201,6.587400283,0.263496011
43,SJM 086 2011,2011,0.366106759,2.874997869,0.098039452,0.290057139,0.014860077,30.35947349,65.4936,5.8651,11.04987311,0.566102148,17.92628031,39.5895,7.8201,6.486406636,0.332308679
44,SJM 086 2012,2012,0.338153574,2.642869669,0.089552262,0.25856665,0.009908296,32.68438311,65.4936,5.8651,11.27349256,0.432001173,18.04746637,39.5894,9.2864,6.00898238,0.230264705
45,SJM 086 2013,2013,0.386133282,3.749968032,0.104839282,0.334646187,0.013549428,30.74210885,64.5161,3.9101,10.52004852,0.425944314,18.90854852,39.5895,6.8426,5.937259987,0.24039263
46,SJM 086 2014,2014,0.342399774,2.531259191,0.100746485,0.278437304,0.012669336,32.51508986,71.3587,5.8651,11.2397801,0.511427703,17.81591222,39.5894,8.7976,5.97317928,0.271789068
47,SJM 086 2015,2015,0.30006907,1.974997954,0.0821918,0.2086427,0.01146804,36.94187492,88.9541,7.8201,11.80901028,0.649081908,18.86076284,39.5894,8.3089,5.882480709,0.323330382
48,SJM 114 2016,2016,1.449827984,139.1578078,0.0087712,5.573059075,0.079525916,6.258738322,20.4176,0.232,4.181391562,0.059667229,5.257501466,204.7564,0.232,12.87387705,0.183706444
49,SJP 004 2016,2016,4.304202859,230.5185345,0.0087712,16.12572501,0.264997876,7.131173238,22.5058,0.232,4.826691313,0.079318167,15.30696087,232.9467,0.232,37.16212304,0.610694011
50,SJP 010 2012,2012,1.076600673,10.3440278,0.140627104,1.105860743,0.048824945,5.157776803,13.4571,0.6961,2.776943156,0.122605035,7.416912865,39.6752,2.3201,4.7351192,0.20906062
51,SJP 010 2014,2014,0.799494404,14.24959595,0.079267299,1.192734094,0.02924809,7.079706554,19.0255,0.464,3.882995626,0.095218377,6.321492243,39.0951,0.58,4.446058817,0.109025749
52,SJP 010 2015,2015,0.224732426,4.134672767,0.085820703,0.265931686,0.009402105,11.44634813,20.1856,0.6961,2.828136244,0.099989716,4.498099,36.6589,0.696,3.197394603,0.11304497
53,SJP 045 2016,2016,1.64873942,412.0329741,0.008196084,9.271250468,0.122074706,7.26361465,18.7935,0.232,3.750565789,0.049383761,7.602727705,205.4525,0.232,20.45702795,0.269358021
54,SJP 047 2005,2005,0.400542928,3.874964835,0.017442165,0.367068221,0.014578141,26.26344748,57.6735,0.9775,12.32882693,0.489640268,14.6018571,38.1231,0.9776,5.177090298,0.205608522
55,SJP 047 2006,2006,0.337937129,2.599987724,0.027780146,0.313720488,0.01006777,29.69497559,86.999,2.9326,12.43678217,0.399115333,14.34664943,39.5894,0.9776,5.634973635,0.18083491
56,SJP 047 2007,2007,0.35572153,5.000102302,0.023256616,0.342051948,0.010606581,28.14497269,67.4487,0.9775,13.49757193,0.418541938,14.048055,39.5895,0.9776,5.341329938,0.16562761
57,SJP 047 2008,2008,0.314398743,4.000076726,0.020270625,0.408475691,0.016745871,30.76796622,69.4037,0.9775,14.79297189,0.606452721,12.1811837,39.1007,0.9776,5.999674946,0.245962693
58,SJP 047 2009,2009,0.273341265,11.0002046,0.019232434,0.483821438,0.016374875,32.40362795,69.4037,0.9775,13.04148075,0.441387249,12.63997892,38.6119,0.9776,5.015722491,0.169756487
59,SJP 047 2010,2010,0.336820999,4.812460039,0.017442165,0.405114135,0.014053254,30.0018911,67.4487,1.955,12.95548933,0.449420946,12.95357136,39.5894,0.9776,5.981229351,0.207486547
60,SJP 047 2012,2012,0.472719912,9.30540657,0.100000862,0.63089718,0.029383811,7.137716486,14.3852,0.9281,2.829940684,0.131803478,4.689176573,38.8631,1.9721,3.157355234,0.147052694
61,SJP 047 2013,2013,0.370640667,4.44447238,0.083333333,0.376770227,0.016050951,7.516812341,13.9211,2.0882,2.282505304,0.097237995,4.621626679,37.1229,1.2761,2.848184543,0.121336741
62,SJP 047 2014,2014,0.40528365,10.68721043,0.017855768,0.671070128,0.030630021,6.781711667,11.6009,0.6961,2.097024112,0.095715617,4.319894375,33.8747,0.232,2.609124863,0.119089712
63,SJP 047 2015,2015,0.358337988,7.812250835,0.06854962,0.577711136,0.02634136,8.36376632,15.0812,0.9281,2.788648411,0.127151423,4.355047609,36.5429,1.3921,2.931883258,0.13368237
64,SJP 047 2016,2016,0.662837783,14.79988794,0.078948363,1.388465343,0.063977106,7.340853928,14.8492,1.1601,2.853155725,0.131466476,5.936664331,39.5592,1.6241,6.711300163,0.309240388
65,SJP 047 2017,2017,0.705996988,13.74959595,0.03804027,1.436713286,0.0710409,7.001402934,14.1531,0.9281,3.145855306,0.155552534,5.150636675,34.4547,0.812,4.15163132,0.205284957
66,SJP 047 2011,2011,0.395015274,4.937638058,0.065791563,0.546691054,0.017357458,7.755548891,15.7773,0.464,3.121555939,0.0991095,4.124633065,38.5151,1.2761,4.313204275,0.136944373
67,SJP 047 2012,2012,0.392317804,3.724980605,0.098214423,0.466851462,0.018425157,7.515669159,14.8492,0.9281,2.206327297,0.087076793,4.923870717,34.5708,1.2761,5.013538536,0.197868583
68,SJP 047 2013,2013,0.418672337,5.234369528,0.15217045,0.523891473,0.026032377,6.763483951,10.6729,0.9281,1.740630699,0.086492635,4.859479753,38.8631,2.3202,4.467434155,0.221988588
69,SJP 047 2014,2014,0.499210787,5.327000862,0.096490764,0.714907756,0.037267143,8.02796875,16.9374,1.1601,2.386820464,0.124421618,6.337938859,38.8631,2.2042,6.680397967,0.348239817
70,SJP 051 2016,2016,3.651928282,222.5178879,0.007575164,11.82090617,0.128678289,5.012993009,19.0255,0.232,3.922535764,0.042699365,12.35848315,237.471,0.232,23.52262014,0.256059092
71,SJP 058 2007,2007,0.189572974,5.750127877,0.016668088,0.251826549,0.005420955,31.41870454,89.9316,0.9775,16.07828575,0.346109901,8.714774282,39.5894,0.9776,5.630503133,0.121205265
72,SJP 058 2008,2008,0.248071307,6.37511509,0.017242839,0.354837462,0.006644384,30.28863496,85.044,0.9775,16.10160489,0.301504921,9.728907854,39.5895,0.9776,5.779660871,0.108225
73,SJP 058 2009,2009,0.205993077,3.449985678,0.016666932,0.300475568,0.008588522,32.50004861,83.089,0.9775,18.36202562,0.524843569,8.591222958,39.5894,0.9776,6.797222872,0.194285684
74,SJP 058 2010,2010,0.353878429,5.333236718,0.017242839,0.402120946,0.008279283,23.00123179,64.5161,0.9775,13.15695314,0.270888992,11.87486935,39.5895,0.9776,8.206131263,0.168956338
75,SJP 058 2011,2011,0.250565415,4.750102302,0.017045719,0.311042633,0.005605509,34.48068171,84,0.9775,17.05700679,0.307395834,12.46932991,39.5895,0.9776,7.721285285,0.139150495
76,SJP 058 2012,2012,0.216068606,3.666592785,0.016666932,0.236760135,0.003798508,34.98680875,86.0215,0.9775,14.37019886,0.230551136,12.15845943,39.5895,0.9776,6.864272244,0.110128313
77,SJP 081 2014,2014,1.128091283,11.74993535,0.161765079,1.97190868,0.112911163,4.266100984,8.8167,0.464,1.950776224,0.111701122,5.011583279,33.7587,1.9721,5.175535592,0.296350306
78,SJP 081 2015,2015,0.478898097,6.14998707,0.153406865,0.483434393,0.018041611,5.679932033,11.3689,0.6961,1.937979436,0.07232475,4.300741643,25.174,2.5522,1.81803891,0.06784861
79,SJP 081 2016,2016,0.524957319,11.69993966,0.157406816,0.762161879,0.028247599,5.549644368,12.761,0.6961,2.050364924,0.07599158,4.364375,31.0905,1.9721,2.351218601,0.087141959
80,SJP 090 2000,2000,0.659420119,10.83341714,0.102041534,1.114371503,0.047603591,6.427930657,13.6891,0.6961,2.704945001,0.115549524,5.172994891,39.5592,1.8561,4.704322038,0.200958678
81,SJP 090 2003,2003,0.440939919,9.875080813,0.019229175,0.936240135,0.038095071,8.043823179,31.7865,0.6961,3.792495997,0.154314474,3.790079139,38.1671,0.464,4.100086053,0.166830135
82,SJP 090 2004,2004,0.384542761,8.375080813,0.038458351,0.685975097,0.026885484,7.954210753,15.7773,0.6961,3.459395551,0.135584401,3.219215207,35.1508,0.928,2.677505544,0.104939716
83,SJP 090 2005,2005,0.412651415,5.250127877,0.018070881,0.493482893,0.01707768,15.70338982,59.6285,0.9775,11.9228951,0.412608799,9.381989581,38.1231,0.696,7.899366436,0.273368848
84,SJP 090 2006,2006,0.434845078,10.25017903,0.021740968,0.577277846,0.020817172,15.15952835,49.8534,0.9281,10.22740399,0.368809621,9.849961769,39.5894,0.9776,8.136323227,0.29340332
85,SJP 090 2007,2007,0.378136351,4.093755893,0.026318057,0.436236039,0.01615689,16.77045802,53.7634,0.6961,12.26457051,0.454243352,9.572770919,39.5895,0.9776,7.703682476,0.285321573
86,SJP 090 2008,2008,0.349204272,4.513923808,0.018520062,0.430716263,0.015572579,16.89239216,58.651,0.9281,12.40297699,0.448430579,8.533721569,39.1007,0.9776,6.754802346,0.244220394
87,SJP 090 2009,2009,0.418083198,5.250127877,0.016668088,0.500072958,0.01731611,17.0268994,63.5386,0.9775,12.89971924,0.446680746,9.820298801,39.5894,0.9776,7.473235726,0.258776989
88,SJP 090 2010,2010,0.438931147,8.000153453,0.017858643,0.551247743,0.017782185,16.35700333,57.6735,0.6961,11.94124963,0.385201601,9.586479709,39.5895,0.9776,7.027326825,0.226687962
89,SJP 090 2011,2011,0.339094145,5.19996121,0.022729175,0.416858596,0.015744532,15.56811327,49.8534,0.9281,11.12222008,0.420080455,7.70034893,39.5894,0.58,6.739339027,0.254541322
90,SJP 090 2012,2012,0.444368731,9.571608891,0.018520062,0.862690327,0.032376191,13.88787014,57.6735,0.6961,11.19030099,0.419964513,7.268877746,39.7912,0.9281,6.608445609,0.248010544
91,SJP 090 2013,2013,0.366537843,2.916626884,0.021740968,0.384369124,0.020400195,21.66233211,65.4936,0.9775,11.83648088,0.628215177,11.31580873,38.6119,0.9776,7.119445831,0.377860951
92,SJP 090 2014,2014,0.367455227,3.449985678,0.020001719,0.435988958,0.020976529,24.40851019,57.6735,1.955,11.99471475,0.577095982,12.28459444,38.1232,0.9776,7.324912653,0.352420024
93,SJP 090 2015,2015,0.288163488,4.000102302,0.017242839,0.3898712,0.027637237,24.63441055,49.8534,0.9775,11.55819772,0.819338913,9.694132663,31.2806,0.9776,5.00676557,0.354920201
94,SJP 092 2002,2002,0.431768224,7.000153453,0.023811496,0.786912956,0.040965052,24.53859187,59.6285,0.9775,14.2680356,0.742764265,11.16860515,38.1232,0.9776,6.272666967,0.326541999
95,SJP 092 2003,2003,0.377285078,4.437456843,0.020835109,0.518495941,0.020806525,28.63763205,66.4712,0.9775,16.71394213,0.670707394,11.58146345,39.5895,0.9776,6.572738597,0.263754914
96,SJP 092 2004,2004,0.52476601,6.250102302,0.026318057,0.601105813,0.02737962,23.28194502,60.6061,0.9775,15.32047353,0.697828447,14.6607361,38.1231,0.9776,6.849573565,0.311989527
97,SJP 092 2005,2005,0.297326527,5.000102302,0.017858643,0.477913588,0.019010382,35.01119873,71.3587,0.9775,16.50521822,0.656542329,12.30403291,38.6119,0.9776,6.103867761,0.242798823
98,SJP 092 2006,2006,0.286445758,5.249914751,0.017858643,0.424384743,0.016395413,35.58016299,72.3363,0.9775,16.45252687,0.635616566,12.79307194,39.1007,0.9776,5.831654224,0.225296458
99,SJP 092 2007,2007,0.237393227,4.125063939,0.016668088,0.29131122,0.011952644,36.73094562,85.044,0.9775,15.78104635,0.647504175,12.93729646,39.5895,0.9776,6.707701081,0.275220309
100,SJP 092 2010,2010,0.349539874,6.000102302,0.01785773,0.476587311,0.023889163,24.87756432,58.651,0.9775,13.93486173,0.698491504,11.99057111,38.6119,0.9776,8.000074268,0.401007488
101,SJP 092 2011,2011,0.385578458,7.000153453,0.017857447,0.648497176,0.031382978,27.55133185,68.4262,0.9775,14.81693976,0.717041972,12.87714801,39.5895,0.9776,8.781203975,0.424952245
102,SJP 092 2012,2012,0.295889062,4.124971228,0.017242839,0.453531058,0.036786226,25.83345921,54.741,1.955,11.72189053,0.95077087,10.43436053,37.1456,0.9776,6.729128016,0.545804355
103,SJP 092 2013,2013,0.200726398,2.111102902,0.017242839,0.276042262,0.024117924,28.0569771,51.8084,0.9775,12.46813464,1.089345981,8.629790076,37.1457,0.9776,6.094265358,0.532458437
104,SJP 092 2014,2014,0.387538203,4.049983632,0.019737196,0.471291283,0.022914966,25.7043104,67.4487,0.9775,15.11369587,0.73485304,12.83714515,39.5895,0.9776,7.829902698,0.380702897
105,SJP 092 2015,2015,0.454319634,11.0002046,0.016666932,0.703525956,0.027261077,23.16245751,65.4936,0.9775,14.03651338,0.543903846,12.08688228,39.1007,0.9776,7.838416565,0.303732472
106,SJP 092 2016,2016,0.541142536,9.000153453,0.019232434,0.886785342,0.05309045,20.84318889,71.3587,0.9775,16.50644304,0.988214896,10.58628387,39.5894,0.9776,7.347913391,0.439908068
107,SJP 093 2002,2002,0.322210457,6.000102302,0.023811496,0.433014056,0.013741286,17.96052518,53.7634,0.9775,11.21615353,0.355933874,7.922033031,37.6344,0.9776,6.478383716,0.205585293
108,SJP 093 2003,2003,0.277865801,5.666575735,0.020001719,0.352163499,0.009521411,25.8713345,60.6061,0.9775,12.87557484,0.348115675,10.03598721,39.5895,0.9776,6.182812578,0.167164107
109,SJP 093 2004,2004,0.272164728,1.538464868,0.017858643,0.214353736,0.005619524,29.25698674,63.5386,4.8876,11.84485466,0.310526193,12.50852708,39.5895,0.9776,6.10396045,0.160022192
110,SJP 093 2005,2005,0.249294054,3.875063939,0.016668088,0.288792273,0.006253025,30.00010474,82.1114,0.9775,13.86684406,0.300249439,11.87319447,39.5894,0.9776,8.283060743,0.179347538
111,SJP 093 2006,2006,0.246859813,9.750153453,0.017242839,0.399492904,0.007925136,30.41190063,77.2239,0.9775,15.70155388,0.311487269,9.427982802,39.5895,0.9776,5.54650162,0.110031444
112,SJP 093 2007,2007,0.291747187,3.250076726,0.017857447,0.321047805,0.009697604,22.077974,56.696,0.9775,12.82497936,0.387392669,9.339041515,39.1007,0.9776,6.176619936,0.186571628
113,SJP 093 2008,2008,0.260834955,5.000076726,0.017242839,0.287061327,0.0053715,26.92416183,72.3363,0.9775,11.93022946,0.223238808,10.78966019,39.5895,0.9776,6.148979814,0.115059893
114,SJP 118 2003,2003,0.677757377,10.0622239,0.024997845,1.275659228,0.082862971,6.060876793,15.3132,0.232,3.366383883,0.218670131,4.084803797,26.5662,0.232,4.481693707,0.29111729
115,SJP 118 2011,2011,0.68448893,12.03592759,0.024997845,1.306074662,0.078902856,6.283133942,15.5452,0.464,3.566833343,0.215480283,5.028196715,39.0951,0.232,7.886277208,0.47642743
116,SJP 118 2012,2012,0.392153717,3.24991919,0.022725492,0.609057555,0.058071359,4.359849091,8.5847,0.232,2.287838445,0.218136837,1.656822727,6.7286,0.232,1.057567005,0.100835057
117,SJP 118 2013,2013,0.503902701,3.916463152,0.01851704,0.679488719,0.054933407,3.936731373,10.9049,0.232,2.595060298,0.20979819,1.985044444,7.0766,0.232,1.33852437,0.108213282
118,SJP 118 2014,2014,0.606454123,6.750431034,0.027024823,1.025271183,0.057951754,5.8219623,13.4571,0.232,3.385035914,0.191333542,2.898014058,19.3735,0.232,2.320067179,0.13113795
119,SJP 118 2015,2015,0.745715615,14.91574486,0.02127484,1.61606748,0.084704952,6.945899725,19.9536,0.232,3.955477847,0.207323372,3.951330769,31.3225,0.232,4.27120377,0.223871907
120,SJP 201 2011,2011,0.803726861,13.81208921,0.02127484,1.544603131,0.037093035,7.080582814,18.3295,0.232,4.011897245,0.096344129,4.630338639,39.7912,0.232,4.92008541,0.118153909
121,SJP 201 2012,2012,0.575079453,13.50107759,0.01851704,1.371026376,0.030999978,8.484337117,20.1856,0.232,4.087978867,0.092432397,3.484730061,37.9351,0.232,3.643153229,0.082374542
122,SJP 201 2013,2013,0.624696204,14.99906623,0.01723997,1.343784048,0.028185761,7.975091377,25.7541,0.232,4.488671747,0.094149524,3.230041443,38.6311,0.232,3.441403588,0.07218316
123,SJP 201 2014,2014,0.728082236,14.74903031,0.017044119,1.654675299,0.036099381,8.220150881,23.2019,0.232,5.296520568,0.115552045,3.231145788,39.4431,0.232,4.112837842,0.089728118
124,SJP 201 2015,2015,0.899827126,14.74959595,0.017044119,1.841555922,0.038365748,7.059649132,25.058,0.232,5.114436174,0.106550754,3.883032335,38.7471,0.232,5.062592322,0.105470673
125,SJP 69A 2016,2016,0.851254523,3.374997869,0.227270825,0.540006163,0.029908175,14.84566994,33.2356,4.8876,5.203586805,0.288200018,21.3854316,39.5894,9.7751,8.191443392,0.453682089
126,SJP 081 1999,1999,0.791468927,8.41670857,0.038960785,1.229595532,0.09601528,6.397489024,28.5383,0.9281,3.463305976,0.270438761,7.27605061,36.0789,0.928,8.977797373,0.701048195
127,SJP 081 2000,2000,0.337185705,4.124878785,0.033579497,0.393598859,0.027357012,6.143450725,15.5452,0.9281,2.109438665,0.146616122,3.044261353,8.4687,0.696,1.505899369,0.104667242
128,SJP 081 2001,2001,0.352861455,1.791681632,0.10256722,0.274861687,0.029135281,5.211289888,9.2807,1.3921,1.61697879,0.171399409,3.031879775,6.8445,1.6241,1.037634493,0.109989036
129,SJP 081 2002,2002,0.527138626,6.111004693,0.051137254,0.902051519,0.050744363,5.81661962,12.065,0.6961,2.583864152,0.145353715,3.156861392,25.522,0.928,3.019650793,0.169868629
130,SJP 081 2003,2003,0.671998129,10.10732098,0.032892125,1.238340132,0.064378238,5.969777568,25.29,0.6961,2.92938357,0.1522914,3.817650811,34.2227,0.58,5.040283171,0.262031845
131,SJP 081 2004,2004,0.541681205,10.20842612,0.047293441,0.923216948,0.048657805,6.4887875,12.297,0.464,2.403533421,0.126677334,5.067045556,35.8469,0.812,7.220521696,0.380554908
132,SJP 081 2005,2005,0.378196236,4.625431034,0.073867644,0.488324617,0.027734975,5.778012258,12.993,0.464,2.433116484,0.13819173,2.701528065,19.9536,1.2761,1.338203427,0.076004847
133,SJP 081 2006,2006,1.305289615,13.34988363,0.018750314,2.100428459,0.079904064,5.307214182,27.8422,0.6961,3.564906996,0.135615453,5.731626194,39.7912,0.348,6.767586183,0.257451112
134,SJP 081 2007,2007,1.067619762,14.44991811,0.026513074,1.914961603,0.047315466,5.416457631,18.0975,0.464,3.264007799,0.080648118,5.114896947,38.6311,0.464,6.078892932,0.150199174
135,SJP 081 2008,2008,0.767598131,14.68704881,0.017645627,1.553182675,0.02812371,5.908031902,20.6497,0.232,3.023058131,0.054738965,4.102404197,39.3271,0.232,5.040486538,0.091268842
136,SJP 081 2009,2009,0.605901513,14.37463635,0.026783653,1.418437369,0.033358841,6.648463164,28.5383,0.232,2.887906055,0.067917837,3.773770575,38.6311,0.232,4.373170165,0.102848311
137,SJP 081 2010,2010,0.753894866,13.12607759,0.017044119,1.630136652,0.043993523,6.043131027,19.9536,0.232,3.395307498,0.091631299,3.427555717,38.283,0.232,5.173238647,0.139613445
138,SJP 081 2011,2011,0.809413912,14.94991811,0.019998276,1.940621823,0.067359967,5.817799277,12.297,0.232,2.717817869,0.094336835,3.76862253,39.2111,0.232,4.69912454,0.163108994
139,SJP 081 2012,2012,0.865874947,11.62596983,0.021426724,1.594547085,0.057240904,4.669374613,12.065,0.232,2.939616673,0.105526089,3.533499098,39.5592,0.232,4.476770018,0.160706678
140,SJP 081 2013,2013,0.847380377,13.99906623,0.020268617,1.758917831,0.069257322,4.728864341,12.065,0.232,2.840519534,0.111845347,3.384775349,39.9072,0.232,4.887839107,0.192458477
141,SJP 081 2014,2014,0.813617982,13.62607759,0.022057146,1.724259528,0.079703925,5.092018162,13.2251,0.232,2.99877725,0.138618527,3.202395085,39.5591,0.232,3.666553835,0.169486511
142,SJP 091 2006,2006,1.142286044,10.25008979,0.023807569,1.973146248,0.148310754,6.782283051,17.6334,0.464,4.082993334,0.306896572,6.975628814,39.7912,0.232,7.687968747,0.577863117
143,SJP 091 2007,2007,1.351496358,14.91574486,0.021426724,2.376214074,0.127561855,5.703511816,15.5452,0.232,3.794178459,0.203682172,7.143094236,38.7471,0.232,6.631235536,0.355983375
144,SJP 091 2008,2008,0.807841643,14.25008979,0.076528952,2.203528018,0.199498053,8.56947377,16.4733,0.232,3.594261998,0.325409191,6.300634426,39.6751,0.232,6.949508256,0.629178915
145,SJP 091 2009,2009,1.440544186,14.74959595,0.035711354,2.5952409,0.219337889,5.646338571,13.9211,0.232,4.102291647,0.346706924,5.690246429,32.3666,0.232,6.116823411,0.516965933
146,SJP 091 2010,2010,0.860542845,13.74964982,0.023807569,1.825042579,0.089587817,8.113384096,16.7053,0.232,4.049056615,0.198760372,6.252476386,37.8191,0.232,6.254776805,0.307034918
147,SJP 091 1990,1990,0.704906571,2.829549017,0.158331597,0.648933378,0.116551875,8.180532258,13.9211,2.5522,2.743289367,0.492709315,9.550196774,33.6427,3.8283,7.286102682,1.308622673
148,SJP 091 1991,1991,0.869700374,3.484376263,0.243902952,0.787422692,0.122974764,5.913646341,10.2088,1.1601,2.134774649,0.333395788,7.987660976,25.8701,4.1763,4.885043741,0.762915658
149,SJP 091 1992,1992,0.865003378,7.000035917,0.173912432,1.158483511,0.103617915,6.6617176,11.3689,0.9281,2.441594292,0.218382832,7.935972,39.7912,3.1323,5.862976537,0.524400563
150,SJP 091 1993,1993,0.622066506,10.87586207,0.096490764,1.134998231,0.092364846,8.898142384,16.2413,0.464,3.365171008,0.273853733,6.521101325,38.7471,2.4362,5.445941159,0.443184406
151,SJP 091 1994,1994,0.639837826,4.131532982,0.127049904,0.758582015,0.051855599,7.472300935,14.1531,0.6961,2.76495615,0.189008511,6.809308879,38.8632,2.9002,5.673991847,0.387866098
152,SJP 091 1995,1995,0.761276473,3.968859436,0.141301802,0.809698533,0.065460247,7.207743137,15.5452,0.9281,3.290259532,0.266001717,7.151631373,27.1461,1.1601,4.291683557,0.346962051
153,SJP 091 1996,1996,0.664643063,12.14990087,0.055000043,1.13729725,0.044471842,8.285618043,21.3457,1.1601,4.189859807,0.163836483,6.37359159,39.2112,1.0441,5.739450513,0.224430275
154,SJP 091 1997,1997,0.529325612,9.750862069,0.018748586,0.946572585,0.038903894,7.140452027,14.8492,0.232,3.303169192,0.135759418,4.234131926,39.0951,0.232,3.380256373,0.138927681
155,SJP 091 1998,1998,0.84604791,14.14990087,0.073528045,1.925539326,0.075642329,7.284954784,19.4896,0.6961,3.270641447,0.12848293,6.126643981,39.6752,0.464,6.343980447,0.249215089
156,SJP 091 1999,1999,0.358806088,3.590921558,0.098682047,0.41606534,0.017904601,8.228927222,16.7053,0.464,3.274328608,0.140904669,4.278570926,35.4988,1.5081,3.211961271,0.138220806
157,SJP 091 2000,2000,0.58371141,12.68715656,0.072113552,1.210537683,0.046084382,8.077611739,17.4014,0.464,3.471346913,0.132151918,5.109267536,38.9792,1.6241,4.510155839,0.171698698
158,SJP 091 2001,2001,0.463478464,7.374967675,0.092464015,0.636100945,0.024268765,6.913276856,16.9374,0.6961,3.094268284,0.118053698,4.212957933,36.1949,1.7401,3.025836623,0.115442868
159,SJP 091 2002,2002,0.372212296,3.000035917,0.093220153,0.423092097,0.019132886,7.854943763,18.3295,1.1601,2.95398765,0.133583939,4.548300613,36.5429,1.5081,4.089211686,0.184920545
160,SJP 091 2003,2003,0.713212104,9.14994397,0.100001916,0.895494471,0.041798102,6.256413943,15.0812,0.6961,3.331214988,0.1554878,5.192857298,38.9791,2.0882,4.492726754,0.209702527
161,SJP 091 2004,2004,0.469117924,9.143033064,0.064189779,0.687718519,0.029844442,8.075645574,23.6659,0.6961,3.784820275,0.16424721,4.675754802,37.123,1.1601,3.16483384,0.13734209
162,SJP 091 2005,2005,0.333035185,3.824971985,0.069766859,0.485580347,0.03599361,10.23813791,17.8654,1.3921,2.975792988,0.220580452,5.085263736,35.4988,1.2761,4.493034274,0.333045859
163,SP1 062 2006,2006,0.499195852,14.74903031,0.017855768,0.922895667,0.021106133,5.517358211,18.0975,0.232,3.674990083,0.084045067,2.9681784,39.0951,0.232,3.017391598,0.06900614
164,SP1 062 2007,2007,0.593058698,13.9999138,0.017240098,1.35180901,0.042641484,6.271660796,17.8654,0.232,3.140450793,0.099062427,3.476113234,36.6589,0.232,4.263041125,0.134473433
165,SP1 062 2008,2008,0.499230534,14.25107759,0.017855677,1.03325848,0.028602482,5.586760153,15.7773,0.232,2.976571909,0.082396948,3.124772261,33.9907,0.232,3.262650116,0.090316115
166,SP1 062 2009,2009,0.627701357,10.75028285,0.01851704,1.114236335,0.036596323,5.511880475,14.8492,0.232,2.962656665,0.097306412,3.702654153,39.9072,0.232,3.874114761,0.127242623
167,SP1 062 2010,2010,0.681856067,12.94991811,0.018748586,1.345985017,0.036949177,5.718290279,14.1531,0.232,3.006829917,0.082541698,4.45048425,39.3272,0.232,5.331669985,0.146361819
168,SP1 062 2011,2011,0.859868418,13.87511673,0.017240098,1.517924842,0.051403421,4.286756422,17.4014,0.232,2.289125423,0.077519568,4.669897936,39.2111,0.232,5.766110448,0.195265139
169,SP1 062 2012,2012,0.495826506,13.66585261,0.017240098,0.89039401,0.017132468,6.012983858,18.3295,0.232,3.337043688,0.064209546,3.417261088,39.9072,0.232,3.410611076,0.065625089
170,SP1 062 2013,2013,0.891584843,13.56211615,0.017240098,1.847058067,0.064899005,5.931656296,15.0812,0.464,3.062897744,0.107619257,4.520063704,39.5592,0.232,6.014906177,0.21134226
171,SP1 062 2014,2014,0.602209179,11.91588852,0.017855677,1.196129115,0.03454367,6.40363653,17.4014,0.232,3.595628638,0.103840134,3.515589074,38.2831,0.232,4.008063107,0.115751055
172,SP1 062 2015,2015,0.678799465,13.87511673,0.017240098,1.398022888,0.050025192,5.958213444,13.6891,0.464,3.203395952,0.114626519,3.787152241,38.6311,0.232,4.780011325,0.171042253
173,SP1 062 2016,2016,0.2277423,4.125026938,0.026313402,0.453959481,0.034414579,8.524684483,17.6334,0.6961,2.975021038,0.225535763,2.495533908,14.1531,0.232,2.451163087,0.185822194
174,SP1 073 2012,2012,0.616197469,14.3324235,0.017240098,1.351405927,0.03739506,5.678950153,13.2251,0.232,2.578695263,0.071355661,3.881592956,38.9791,0.232,4.7799156,0.132266128
175,SP1 073 2013,2013,0.466165704,14.25107759,0.017240098,0.951864107,0.021396959,6.50695528,18.5615,0.232,3.711905982,0.083439957,2.943718646,31.7865,0.232,2.769496964,0.062255539
176,SP1 073 2014,2014,0.463648056,11.08260307,0.016947791,0.936155177,0.028499492,7.010013902,17.8654,0.232,3.961086716,0.120587871,3.088054032,38.2831,0.232,3.615774331,0.110075482
177,SP1 073 2015,2015,0.318782115,3.964349486,0.016947791,0.533687431,0.025270832,8.738153139,19.2575,0.232,4.861089932,0.23017928,2.292346637,28.0743,0.232,2.024841308,0.095879015
178,SP1 087 2010,2010,0.557680319,4.624971228,0.020001719,0.486874602,0.012244786,25.96943485,73.3138,0.9775,14.1554918,0.356007402,19.04180424,39.5895,0.9776,6.876086112,0.172932003
179,SP1 087 2011,2011,0.41188399,12.5002046,0.019232434,0.497887926,0.012029648,25.2254202,74.2913,0.9775,15.78166881,0.381306531,14.53808243,39.5895,0.9776,8.077449262,0.195162134
180,SP1 087 2012,2012,0.195611493,2.222211487,0.020001719,0.179780078,0.006126889,45.08158955,86.0215,0.9775,14.49700091,0.494056469,14.51403635,39.1007,0.9776,5.512114999,0.187852377
181,SP1 088 2016,2016,8.084013842,467.7875,0.015623737,27.28718652,0.497944676,4.413299068,15.5452,0.232,3.126847621,0.057059643,24.7364024,237.007,0.232,52.17347803,0.952077108
182,SP1 110 2008,2008,0.539035209,14.04177142,0.017240098,1.137563098,0.033691711,5.462614561,16.9374,0.232,3.144601153,0.093135048,3.196145351,39.0951,0.232,4.366419565,0.129322186
183,SP1 110 2009,2009,0.4034038,8.09994828,0.017240098,0.869289851,0.047565424,6.802865269,17.4014,0.232,3.999581084,0.21884734,2.38616976,33.2946,0.232,3.390111503,0.185498648
184,SP1 110 2010,2010,0.494518768,11.00007183,0.01851704,1.046213942,0.051110896,7.237984726,16.7053,0.232,3.877999374,0.189452667,3.508233174,30.6264,0.232,4.062311032,0.198456881
185,SP1 110 2011,2011,0.479400188,14.49906623,0.017240098,0.937764682,0.023919767,6.78243188,18.0975,0.232,3.319976048,0.084683347,3.802105205,36.3109,0.232,4.143492719,0.105688965
186,SP1 110 2012,2012,0.570977025,12.79993104,0.018291145,1.247536053,0.035760849,5.844505588,16.7053,0.232,3.660593457,0.104931579,2.876007395,39.7912,0.232,3.277631904,0.093953917
187,SP1 110 2013,2013,0.619716234,14.50107759,0.017440462,1.510574632,0.103502868,5.693715493,18.7935,0.232,4.270157659,0.292586382,3.182343662,24.826,0.232,3.98738225,0.27321093
188,SP1 155 2016,2016,4.434546771,402.7823276,0.008927884,14.43061709,0.221852021,3.738675774,18.7935,0.232,2.809953554,0.043199391,14.2242511,237.3551,0.232,33.46426608,0.514469688
189,SP1 236 2016,2016,2.776111648,272.2719828,0.007074896,9.566234583,0.122063585,6.20424987,24.594,0.232,4.640509551,0.059212141,11.03124577,234.8028,0.232,22.83246401,0.291338497
190,SP1 237 2000,2000,0.91989366,14.91574486,0.017440462,1.744132084,0.061056836,4.812394853,19.7216,0.232,3.407469098,0.119285278,4.300443382,39.6751,0.232,5.550572816,0.194308914
191,SP1 237 2001,2001,0.788753735,14.4999138,0.017240098,1.546815103,0.039429302,6.026604288,15.7773,0.232,3.794167794,0.096715754,3.850918454,37.819,0.232,4.529644766,0.115463531
192,SP1 237 2002,2002,0.784000872,12.99913805,0.01851704,1.325688757,0.040872735,5.477136787,17.6334,0.232,3.717353105,0.114610906,3.909244392,36.7749,0.232,4.3710472,0.134765158
193,SP1 237 2003,2003,0.420062568,9.468994127,0.018748586,0.82405183,0.030050078,7.618665027,19.7216,0.232,3.933597803,0.143443553,3.44309016,38.051,0.232,3.576442908,0.130419454
194,SP1 237 2004,2004,0.560604582,7.291717549,0.019998276,1.068596582,0.041438398,6.146576391,14.3852,0.232,3.089408482,0.119802122,3.437360752,33.0627,0.232,3.857956835,0.149605149
195,SP1 237 2005,2005,0.62914801,12.50107759,0.017044119,1.108222704,0.028681188,5.278617749,16.4733,0.232,3.786327008,0.097991457,2.921516678,39.7912,0.232,3.432783581,0.08884163
196,SP1 237 2006,2006,0.372293104,7.375080813,0.017240098,0.613943715,0.022661076,5.764432834,13.6891,0.232,2.903915108,0.107185463,2.225191417,20.5337,0.232,1.820973626,0.067213363
197,SP1 237 2007,2007,0.881400058,12.91581669,0.02222052,1.618021748,0.07830156,5.567901874,12.993,0.232,3.577273708,0.173116408,3.829392974,37.8191,0.232,4.460191628,0.215843801
198,SP1 237 2008,2008,0.781482348,14.49906623,0.017240098,1.685919943,0.072018931,5.833915511,16.9374,0.232,3.866406225,0.165164688,2.984903285,31.2065,0.232,4.105348682,0.175371804
199,SP1 237 2009,2009,0.37141178,7.93729124,0.01851704,0.688349012,0.04406703,4.893310656,9.2807,0.232,2.074384542,0.132798862,2.283577049,17.4014,0.232,2.159831396,0.138269037
200,SP1 237 2010,2010,0.845033714,13.00086207,0.017240098,1.39951228,0.042526779,4.381145706,14.6172,0.232,2.984856977,0.09070042,3.820908587,37.935,0.232,4.626228176,0.140576531
201,SP1 237 2011,2011,0.378638721,11.08260307,0.017240098,0.791116702,0.025653717,6.336965615,14.6172,0.232,3.119369119,0.101152474,2.479371504,36.0789,0.232,2.462474428,0.079851204
202,SP1 237 2012,2012,0.906931543,14.69989656,0.018291145,1.684192612,0.052554092,4.378531646,15.3132,0.232,2.714908899,0.084716897,4.511815871,39.6752,0.232,5.698910501,0.17783065
203,SP1 237 2013,2013,0.531065151,13.12509877,0.017240098,0.972111671,0.020363105,5.958062747,17.8654,0.232,3.550455557,0.074372421,3.036044669,39.6752,0.232,2.97357641,0.062288366
204,SP1 237 2014,2014,0.442625427,10.69993966,0.017440462,0.861820365,0.027294125,5.952196289,19.2575,0.232,3.325446535,0.105317948,2.551611133,39.2111,0.232,3.350699559,0.10611772
205,SP1 237 2015,2015,0.3544476,8.19993966,0.016947791,0.791858898,0.025786474,7.070293107,16.4733,0.232,3.362312009,0.109491944,2.493035949,25.058,0.232,2.598743517,0.084626732
206,SP1 237 2016,2016,0.464579507,9.875862069,0.019998276,0.950484368,0.039432736,6.563214286,16.2413,0.232,3.16350264,0.131244205,3.209125818,38.9791,0.232,3.899139956,0.161763583
207,SP1 237 2017,2017,0.482115519,13.12460942,0.017044119,0.973430146,0.031515965,6.497253354,15.5452,0.232,2.967149818,0.096065022,3.342498847,37.471,0.232,3.504182157,0.113452086
208,SP1 252 2016,2016,5.646288594,373.5299569,0.019229282,18.96428674,0.378303421,4.452116992,13.4571,0.232,2.953632113,0.05891965,17.95774982,237.587,0.232,38.13587868,0.760742208
209,SP1 252 1988,1988,0.666764778,12.56217002,0.023807569,1.076374328,0.025541233,4.158175788,14.8492,0.232,2.29742524,0.054515488,3.554947804,38.7471,0.232,3.999827903,0.094911716
210,SP1 252 1989,1989,0.739405563,13.16679836,0.01851704,1.214827832,0.024990956,4.331276682,14.6172,0.232,1.844747285,0.037949409,4.329555269,39.6752,0.232,5.011574672,0.103096126
211,SP1 252 1990,1990,0.604966762,10.87508081,0.017240098,0.951854139,0.027229195,4.692396072,16.4733,0.232,2.087467531,0.059715095,3.768403928,32.8307,0.232,4.168863151,0.119256494
212,SP1 252 1991,1991,0.861904679,14.19989656,0.023807569,1.853968638,0.06253281,4.840188282,13.2251,0.232,2.306633506,0.077800817,4.489518544,37.123,0.232,6.621418788,0.223334913
213,SP1 252 1992,1992,0.618559689,14.34992673,0.021737501,1.0579875,0.036657094,4.784932173,13.9211,0.232,2.492017373,0.086343284,3.477213926,33.2947,0.232,3.891513506,0.134832952
214,SP1 252 1993,1993,0.530567826,10.89307924,0.021737501,0.996736844,0.033676617,5.037135845,12.761,0.464,2.492291992,0.084206743,3.212243151,35.3829,0.232,4.126632023,0.139425975
215,SP1 252 1994,1994,1.20726651,13.54177142,0.034480196,2.490898323,0.153595371,3.479395817,7.4246,0.464,1.603570656,0.098880403,5.5089,39.6752,0.232,9.741100741,0.600662004
216,SP1 252 1995,1995,1.608411915,12.34992673,0.039996552,2.588174067,0.184399767,3.611010152,14.8492,0.9281,2.032880458,0.144836736,6.798031472,33.1787,0.464,9.053736041,0.645051984
217,SP1 252 1996,1996,0.949297333,11.42879133,0.018748586,1.389855519,0.041905721,4.104829455,12.529,0.232,2.29811065,0.069290643,5.113160455,38.8631,0.232,6.211461434,0.187282609
218,SP1 252 1997,1997,0.587453741,13.49962289,0.017240098,0.975148066,0.025733173,5.17647124,14.3852,0.232,3.109259857,0.082050229,3.130709192,31.4385,0.232,3.543112323,0.093499158
219,SP1 252 1998,1998,0.624729124,11.75086207,0.017044119,1.005232837,0.027553555,5.476579639,14.1531,0.232,3.104527984,0.085095492,3.640039745,32.1346,0.232,3.826430904,0.104882939
220,SP1 252 1999,1999,0.481363848,12.50107759,0.01851704,0.822433459,0.025237046,5.62415791,13.6891,0.232,3.125544569,0.0959099,3.139457815,28.6543,0.232,3.556647582,0.10913865
221,SP1 252 2000,2000,0.568404261,14.50107759,0.017240098,1.10817897,0.029907123,5.48817815,14.1531,0.232,3.087232205,0.083317077,3.196963219,32.9466,0.232,4.025092512,0.108627703
222,SP1 252 2001,2001,0.515018058,8.24997845,0.017240098,0.989586949,0.031988803,5.916355277,14.6172,0.232,3.280375564,0.106039482,3.118549843,34.3387,0.232,4.158882435,0.134437576
223,SP1 252 2002,2002,0.337071654,6.520885712,0.019998276,0.64235886,0.025735564,7.059622953,14.1531,0.232,3.245521006,0.130029053,2.498391332,36.3109,0.232,2.681678097,0.107439164
224,SP1 252 2003,2003,0.336465019,8.249757569,0.017240098,0.633155794,0.028175063,6.272312079,18.7935,0.232,3.469162074,0.154375686,2.129968515,23.0858,0.232,2.277584738,0.101351191
225,SP1 252 2004,2004,0.386021556,5.000035917,0.017240098,0.644856515,0.025651015,5.966770253,15.5452,0.232,3.343777373,0.133008322,2.14359019,18.2135,0.232,2.225658479,0.088531941
226,SP1 252 2005,2005,0.252414672,7.582818561,0.017440462,0.580283995,0.028906005,6.447585608,13.6891,0.232,2.815528412,0.14025146,1.820163027,14.1532,0.232,1.624201529,0.080907241
227,SP1 252 2006,2006,0.345224123,10.75086207,0.017240098,0.945456667,0.063454897,5.29985045,10.9049,0.232,2.774128003,0.186187281,1.749015315,21.6938,0.232,1.887549517,0.126684029
228,SP1 252 2007,2007,0.371967465,7.69993966,0.017240098,0.642819791,0.027335478,5.454744485,13.2251,0.232,3.239579131,0.137760918,2.062770705,22.0418,0.232,2.28854039,0.097318637
229,SP1 252 2008,2008,0.492305724,11.35733637,0.017240098,1.180256898,0.059310141,5.41845202,12.993,0.232,3.068863793,0.154216208,2.473683838,36.8909,0.232,4.206546413,0.211386911
230,SP1 D24 2007,2007,1.184070705,13.75107759,0.01851704,2.350605954,0.258012523,7.200961446,15.3132,0.232,4.071657558,0.446922479,6.447591566,29.9304,0.232,5.796060957,0.636200342
231,SP1 D24 2008,2008,1.564693196,14.37463635,0.041663674,2.607158955,0.208739775,6.130646795,13.2251,0.232,2.773106054,0.222026176,10.77102179,39.6752,0.232,9.90815957,0.79328765
232,SP1 D24 2009,2009,1.123858585,11.37469023,0.017855768,2.089775835,0.189979621,5.453395868,15.3132,0.232,4.382545551,0.398413232,5.448591736,36.7749,0.232,6.027629452,0.547966314
233,SP1 D24 2010,2010,0.614621668,5.483306037,0.038458988,0.67715477,0.052399809,7.774707186,14.8492,0.464,2.756821133,0.213329224,8.06368982,38.1671,0.232,6.447057673,0.498888301
234,SP1 D24 2011,2011,1.074220205,13.04177142,0.017240098,2.045533681,0.152043321,6.928510497,16.9374,0.232,4.148945063,0.308388658,7.006060221,39.9072,0.232,6.860304572,0.509922423
235,SP1 D24 2012,2012,1.443717116,9.656510964,0.044114292,1.897522304,0.130322367,4.784833491,16.0093,0.232,3.416982795,0.234679342,6.470254245,35.8469,0.232,4.762313828,0.327077057
236,SP1 D24 2013,2013,1.205529908,11.92879133,0.017044119,1.488649529,0.104482714,5.164980296,14.6172,0.232,3.246669253,0.227871509,6.787975369,38.7471,0.232,4.338219964,0.30448335
237,SP1 D24 2014,2014,0.65192186,9.500646552,0.071424173,1.245160001,0.115610204,7.42659569,14.3852,0.232,3.425096004,0.31801218,5.272414655,22.1578,0.232,3.401870041,0.315855704
238,SP1 D24 2015,2015,1.559883061,11.09990518,0.097558027,2.303855022,0.257578822,5.7714625,12.761,0.464,3.667487576,0.410037576,8.52957375,34.4548,0.232,6.603061424,0.73824471
239,SP1 DT4 2006,2006,0.601176198,6.999838379,0.019229175,1.234383722,0.169555644,4.382088679,14.3852,0.232,3.741092169,0.51387853,2.01154717,12.9931,0.232,2.503478436,0.34387921
240,SP1 DT4 2007,2007,0.654186991,3.954549017,0.032606251,0.811689404,0.107510888,3.297101754,12.761,0.232,3.203780416,0.424351083,2.36087193,20.1856,0.232,3.046017785,0.403454912
241,SP1 DT4 2008,2008,0.608710114,5.375431034,0.017240098,1.274038672,0.232606573,4.28461,15.0812,0.232,3.614368508,0.659890388,1.743993333,6.7285,0.232,1.783340557,0.32559195
242,SP1 DT4 2009,2009,0.568826957,2.250215517,0.109366161,0.830608997,0.339094703,1.972166667,3.7123,0.232,1.326764731,0.541649433,1.024733333,1.7401,0.232,0.494460193,0.201862529
243,SP1 DT4 2010,2010,0.425350115,1.89996552,0.026313402,0.478807396,0.071376392,4.062913333,15.5452,0.232,3.94047255,0.587410966,1.871608889,9.2808,0.232,1.888772243,0.281561542
244,SP1 DT4 2011,2011,0.509722235,5.062385519,0.018180393,0.837463479,0.077094762,5.251881356,15.5452,0.232,3.948999237,0.363534846,2.385059322,12.181,0.232,2.758179873,0.253911038
245,SP1 DT4 2012,2012,0.477188057,7.375646552,0.017240098,1.024940321,0.066717932,7.142439831,18.3295,0.232,4.63913623,0.301982047,2.742921186,27.0302,0.232,3.302813941,0.214994875
246,SP1 DT5 2009,2009,0.960014799,14.99956901,0.019606352,1.938636098,0.08184928,6.063090553,17.1694,0.232,4.015928445,0.169552632,4.61638057,38.3991,0.232,5.698889159,0.240607289
247,SP1 DT5 2010,2010,0.930930953,14.29178938,0.017044119,1.908711,0.089188208,6.496016594,17.1694,0.232,3.923296085,0.183323587,4.985604367,39.7912,0.232,5.884237622,0.274952367
248,SP1 DT5 2011,2011,0.912266692,11.2497037,0.017240098,1.718999639,0.096701285,6.103702532,16.4733,0.232,3.370572242,0.189609502,5.778431013,36.5429,0.232,7.651118311,0.430409032
249,SP1 DT5 2012,2012,1.677399391,12.81214309,0.020406548,2.242920503,0.138304403,4.65978327,14.3852,0.232,4.271964544,0.263420619,5.47801597,35.0348,0.232,5.74143288,0.354031918
250,SP1 DT5 2013,2013,2.155013736,14.9989944,0.01851704,2.873494992,0.142609162,4.567796305,14.3852,0.232,3.624490102,0.179880423,8.341520197,37.703,0.232,8.087895051,0.401395492
251,SP1 DT5 2014,2014,1.650565869,14.99906623,0.017855768,2.538018837,0.124436611,4.067576202,15.3132,0.232,3.29070367,0.161340021,6.265611779,39.2112,0.232,6.711959837,0.329080906
252,SP1 DT5 2015,2015,0.94028649,12.25096983,0.019735275,1.630082455,0.089327968,5.248637538,15.5452,0.232,3.423685487,0.187616809,4.503804505,38.3991,0.232,5.415165518,0.296749242
253,SP1 DT5 2016,2016,0.456987921,5.812358582,0.04999569,0.717483769,0.072849439,6.20948866,12.761,0.232,3.103256197,0.315087928,3.621394845,11.0208,0.232,2.27991157,0.231489947
254,SP1 DT5 2017,2017,0.870164664,4.402820679,0.017240098,1.235709214,0.139916516,6.680947436,16.2413,0.232,4.155582841,0.470527101,7.998687179,39.6752,0.232,12.14634903,1.375303206
255,SR1 706 2016,2016,1.57002327,142.8865302,0.005050109,6.327165245,0.086959535,5.56638725,22.9698,0.232,3.713897389,0.051043205,6.262416226,231.6705,0.232,16.38545605,0.225199056
256,SR1 782 2007,2007,0.497379409,13.75028133,0.025362238,0.760119992,0.026824052,26.95902279,77.2239,0.9775,18.22487727,0.643141953,12.24818568,39.5895,0.9776,7.088264758,0.250139431
257,SR1 782 2008,2008,0.320025934,10.25017903,0.023811496,0.561775799,0.02176837,39.53513679,86.0215,0.9775,18.96583949,0.734911352,13.80192703,38.612,0.9776,6.031686128,0.23372309
258,SR1 782 2009,2009,0.285791716,9.000153453,0.016666932,0.508619644,0.014079521,39.35386391,89.9316,0.9775,17.7744417,0.492029013,13.17775655,39.5894,0.9776,6.158754714,0.17048558
259,SR1 782 2010,2010,0.36681694,5.750076726,0.01851915,0.545813195,0.019543247,31.25047064,73.3138,0.9775,19.42884756,0.695664336,10.97827321,39.5894,0.9776,6.189142286,0.221606842
260,SR1 782 2011,2011,0.328796745,2.500051151,0.016668088,0.370654697,0.021188919,32.94488431,84.0665,0.9775,18.27138136,1.04450535,13.40892549,38.6119,0.9776,7.6592875,0.437852323
261,TJM 319 2016,2016,2.077576183,474.287931,0.018291145,15.8250937,0.345908852,6.970869804,18.0975,0.232,3.684133145,0.080528703,8.268965265,220.0696,0.232,18.59004788,0.406345911
262,TJM 498 2016,2016,1.001195145,380.7803879,0.007935856,6.187896527,0.077812096,8.289822296,21.1137,0.232,4.011411387,0.050443042,5.498103321,236.0789,0.232,13.53443698,0.170194007
263,TJP 032 2016,2016,3.354425472,512.2911638,0.009090197,14.89177575,0.118785016,5.057184946,18.0975,0.232,3.270396843,0.026086489,11.49283772,237.7031,0.232,27.30360476,0.217788609
264,TJP 080 2016,2016,1.838835175,111.5088362,0.007575164,5.254086007,0.057525723,6.425152733,19.0255,0.232,4.119628411,0.04510482,9.074642592,217.7494,0.232,18.85284802,0.206415295
265,TJP 081 2016,2016,9.768618577,306.274569,0.042853449,24.81267369,0.460283873,4.673347213,12.761,0.232,2.650089184,0.049160092,37.77985654,237.123,0.232,61.48574974,1.140582406
266,TJP 446 2016,2016,1.88210089,319.0256466,0.010203274,8.824468779,0.091143583,6.732649019,18.5615,0.232,3.965520432,0.040957903,6.403637295,214.0372,0.232,14.84794659,0.153357112
267,TJP DT1 2016,2016,3.616789738,423.5338362,0.010203274,14.32261551,0.15661786,4.917390649,24.1299,0.232,3.822325243,0.041797142,11.35275047,237.123,0.232,25.90123048,0.283230062
268,TJP DTX 2016,2016,2.169148226,174.1390086,0.011362746,7.392746539,0.09113661,6.341055182,20.1856,0.232,3.882185569,0.04785897,7.815080395,236.775,0.232,17.50626139,0.215814421
269,TJP OP2 2016,2016,2.440213941,158.5127155,0.010203274,7.875995622,0.092479746,5.163876906,17.4014,0.232,3.38156141,0.03970621,9.013308231,198.2599,0.232,17.78699242,0.208854425
270,TP1 001 2016,2016,4.010253438,266.2713362,0.005375921,13.50378143,0.185611317,5.765703968,25.29,0.232,4.65890988,0.064037352,14.50595694,237.4711,0.232,29.59671818,0.406810927
